31,biccamera
31,edion
31,yamada-denki
31,bestdenki
31,ksdenki
31,kojima
31,joshin
31,sofmap
35,lawson
35,lawsonstore-100
35,natural-lawson
35,ministop
35,daily-yamazaki
35,seicomart
35,poplar
35,seikatsu-saika
33,tsuruha
33,bd-drug
33,kusurino-fukutaro
33,wants
33,lady-drug
33,wellness
33,drug-eleven
33,welcia
33,sundrug
33,direx
33,matsukiyo
33,cocokarafine
33,kusurino-aoki
33,seims
33,daikokudrug
33,v-drug
33,tomods
33,satsudora
33,sekiyakuhin
33,drug-papasu
33,kyorindo
33,ainz-and-tulpe
33,yakuodo
33,kokumin-drug
33,life
33,mr-max
33,summit-store
33,beisia
33,tokyu-store
33,belc
33,york-mart
33,york-foods
33,york-price
33,fuji
33,comodi-iida
32,geo
32,autobacs
32,tsutaya
32,camera-no-kitamura
32,book-off
32,huruhon-ichiba
32,alpen
32,sports-depo
32,golf-five
32,round-one
32,jankara
32,super-jankara
32,tsuriguno-point
32,big-echo
35,kushikatu-tanaka
32,akindo-sushiro
32,kurasushi
32,hamasushi
32,sukiya
32,matsuya
32,matsunoya
32,mycurry
32,totikizoku
32,cocos
32,gyukaku
32,kappa-sushi
32,ringerhut
32,hottomotto
32,pizzahut
32,nakau
32,steak-miya
32,hidakaya
32,jolly-pasta
32,bigboy
32,onyasai
32,hokkahokka-tei
32,syou-ya
32,miraizaka
32,domadoma
36,joyfulhonda
32,toysrus
32,babiesrus
32,aoki
32,loft
32,youhuku-no-aoyama
32,cycle-base-asahi
32,akachanhompo
32,right-on
32,mac-house
32,seibu-sogo
32,odakyu-dept
26,matsuya
26,matsunoya
26,mycurry
25,daiei
25,gourmet-city
25,fuji
25,maruestsu
25,kasumi
25,big-a
25,itoyokado
25,york-mart
25,york-foods
25,york-price
25,ok-store
25,comodi-iida
25,tokyu-store
25,tobu-store
25,torisen
25,beisia
25,belc
25,joy-foods
25,seiyu
25,seijo-ishii
25,life
25,u-coop
25,summit-store
25,tenmaya-happys
25,kansai-super
25,izumiya
25,yume-town
25,yume-mart
25,heiwado
25,arcs
25,hokuren-shop
40,yacs-drug
41,eneos
42,seiyu
43,seiyu
44,familymart
45,kushiya-monogatari
45,maido-ookini
46,daily-yamazaki
47,alpen
47,golf-five
47,sports-depo
48,right-on
49,yoshinoya
50,sukiya
51,tokyu-hands
52,hokkahokka-tei
53,showa-shell
53,idemitsu
54,kourakuen
55,kohnan
56,maido-ookini
57,royalhost
59,hottomotto
59,poplar
59,seikatsu-saika
59,zoff
59,matsuya
59,matsunoya
59,mycurry
60,gyoza-ohsho
62,ootoya
63,akindo-sushiro
64,dennys
66,hokkahokka-tei
67,matsuya
67,matsunoya
67,mycurry
68,lawson
68,lawsonstore-100
68,natural-lawson
69,tokyo-kutsu
70,megane-ichiba
71,haruyana
72,huruhon-ichiba
73,mac-house
75,psfa
76,jeans-mate
77,foel
78,cafe-de-crie
79,coco-ichibanya
80,kitchen_origin
81,saint-marc-cafe
83,gindako
84,daily-yamazaki
85,doutor
85,excelsior
86,nakau
87,hidakaya
88,hokkahokka-tei
89,ministop
90,matsukiyo
91,cocokarafine
92,doutor
92,excelsior
94,lawson
94,lawsonstore-100
94,natural-lawson
95,misterdonut
96,yakiniku-no-watami
100,hidakaya
101,honeys
102,doutor
102,excelsior
103,joshin
104,victoria-golf
105,eneos
106,matsukiyo
106,cocokarafine
107,matsukiyo
107,cocokarafine
111,joshin
113,daiso
115,akachanhompo
116,youhuku-no-aoyama
117,mr-max
118,youhuku-no-aoyama
118,suit-company
119,youhuku-no-aoyama
119,suit-company
120,eneos
121,welcia
122,welcia
123,welcia
124,welcia
126,maruzen
126,junkudo
127,tsuruha
127,bd-drug
127,kusurino-fukutaro
127,kyorindo
127,wants
127,lady-drug
127,wellness
127,drug-eleven
129,satsudora
130,a
131,takarazima
132,takarazima
133,takarazima
134,welcia
135,kappa-sushi
136,hokkaidou
137,yakitori-center
138,amatarou
139,owndays
140,lawson
140,natural-lawson
140,lawsonstore-100
140,gyoza-ohsho
140,sukiya
140,doutor
140,excelsior
140,hamasushi
140,hidakaya
140,cafe-de-crie
140,matsuya
140,matsunoya
140,mycurry
140,marugame-seimen
140,hokkahokka-tei
141,uotami
141,sirokiya
141,sennen-no-utage
141,tuki-no-utage
141,niwatori-no-George
141,bungo-takada-dori-sakaba
141,meki-ki-no-ginzi
141,yamauti-douzyou
141,warawara
141,watami
141,torimero
141,miraizaka
141,yakiniku-no-watami
140,welcia
140,kusurino-aoki
140,sundrug
140,direx
140,daikokudrug
141,ok-store
141,beisia
140,big-echo
142,aoki
141,cainz
141,himaraya
150,cosmo-sekiyu
151,coco-ichibanya
152,mos
153,doutor
153,excelsior
155,uobei
156,genkisushi
157,domadoma
158,kamadoka
159,gindako
160,torisen
161,loft
163,ootoya
164,cafe-de-crie
165,coco-ichibanya
166,kitchen_origin
167,saint-marc-cafe
169,gindako
170,daily-yamazaki
171,doutor
171,excelsior
172,nakau
173,hidakaya
174,hokkahokka-tei
175,matsuya
176,ministop
177,wants
178,sugi
179,misterdonut
180,lawson
181,maruestsu
183,poplar
183,seikatsu-saika
184,yayoiken
185,sun-live
186,tomods
187,gusto
187,syabuyo
187,jonathan
187,bamiyan
187,yumean
187,aiya
189,seiyu
190,seiyu
191,seiyu
192,royalhost
193,kohnan
194,ootoya
195,hokkahokka-tei
196,zyuuzyuu-karubi
197,lawson
197,lawsonstore-100
197,natural-lawson
197,welcia
197,sundrug
197,daiso
197,toysrus
197,babiesrus
197,ok-store
197,kumazawa-shoten
197,maruzen
197,junkudo
197,akindo-sushiro
197,cocos
197,sukiya
197,nakau
197,hanayayohei
197,wendys-firstkitchen
197,wendys-firstkitchen
197,hokkahokka-tei
197,matsuya
197,takarazima
198,welcia
198,cawachi
198,kirindo
198,cocokarafine
198,sundrug
198,direx
198,zagzag
198,sugi
198,sugi-japan
198,sekiyakuhin
198,tsuruha
198,bd-drug
198,kusurino-fukutaro
198,kyorindo
198,wants
198,lady-drug
198,wellness
198,drug-eleven
198,matsukiyo
198,drug-papasu
198,yakuodo
198,v-drug
198,genky
199,welcia
199,kirindo
199,cocokarafine
199,zagzag
199,sugi
199,sugi-japan
199,sekiyakuhin
199,tsuruha
199,bd-drug
199,kusurino-fukutaro
199,kyorindo
199,wants
199,lady-drug
199,wellness
199,drug-eleven
199,tomods
199,seims
199,drug-yutaka
199,matsukiyo
199,drug-papasu
199,yakuodo
199,v-drug
200,edion
200,hyakuman-volt
201,biccamera
201,edion
201,yamada-denki
201,bestdenki
201,ksdenki
201,kojima
201,joshin
201,sofmap
205,lawson
205,lawsonstore-100
205,natural-lawson
205,ministop
205,daily-yamazaki
205,seicomart
205,poplar
205,seikatsu-saika
203,tsuruha
203,bd-drug
203,kusurino-fukutaro
203,wants
203,lady-drug
203,wellness
203,drug-eleven
203,welcia
203,sundrug
203,direx
203,matsukiyo
203,cocokarafine
203,kusurino-aoki
203,seims
203,daikokudrug
203,v-drug
203,tomods
203,satsudora
203,sekiyakuhin
203,drug-papasu
203,kyorindo
203,ainz-and-tulpe
203,yakuodo
203,kokumin-drug
203,life
203,mr-max
203,summit-store
203,beisia
203,tokyu-store
203,belc
203,york-mart
203,york-foods
203,york-price
203,fuji
203,comodi-iida
202,geo
202,autobacs
202,tsutaya
202,camera-no-kitamura
202,book-off
202,huruhon-ichiba
202,alpen
202,sports-depo
202,golf-five
202,round-one
202,jankara
202,super-jankara
202,tsuriguno-point
202,big-echo
205,kushikatu-tanaka
202,akindo-sushiro
202,kurasushi
202,hamasushi
202,sukiya
202,matsuya
202,matsunoya
202,mycurry
202,totikizoku
202,cocos
202,gyukaku
202,kappa-sushi
202,ringerhut
202,hottomotto
202,pizzahut
202,nakau
202,steak-miya
202,hidakaya
202,jolly-pasta
202,bigboy
202,onyasai
202,hokkahokka-tei
202,syou-ya
202,miraizaka
202,domadoma
206,joyfulhonda
202,toysrus
202,babiesrus
202,aoki
202,loft
202,youhuku-no-aoyama
202,cycle-base-asahi
202,akachanhompo
202,right-on
202,mac-house
202,seibu-sogo
202,odakyu-dept
210,seven-eleven
210,itoyokado
210,york-mart
210,york-foods
210,york-price
211,tomods
212,nojima
212,idemitsu
213,tomods
213,kappa-sushi
213,cocos
213,dominos-pizza
213,big-echo
213,kinokuniya-shoten
213,takeya
214,nojima
214,idemitsu
215,tomods
215,kappa-sushi
215,cocos
215,dominos-pizza
215,big-echo
215,kinokuniya-shoten
215,takeya
220,eneos
220,takashimaya
220,maruzen
220,junkudo
220,satsudora
221,takeya
222,matsukiyo
223,nojima
224,eneos
224,takashimaya
224,maruzen
224,junkudo
224,satsudora
225,takeya
226,matsukiyo
227,nojima
229,eneos
229,maruzen
229,junkudo
229,satsudora
230,tower-records
230,kinokuniya-shoten
230,youhuku-no-aoyama
230,suit-company
231,matsukiyo
231,big-echo
233,takashimaya
235,matsukiyo
239,matsukiyo
233,maruzen
233,junkudo
237,maruzen
237,junkudo
238,tower-records
238,kinokuniya-shoten
238,youhuku-no-aoyama
238,suit-company
239,big-echo
250,ministop
250,aeon
250,daiei
250,gourmet-city
250,peacock-store
250,mybasket
250,aeon-hokkaido
250,aeon-touhoku
250,aeon-kyusyu
250,maxvalu-toukai
250,maxvalu-hokuriku
250,kohyo
250,maxvalu-kanto
250,the-big
250,acolle
250,aeon-liquor
250,aeon-bike
251,aeon
251,daiei
251,gourmet-city
251,peacock-store
251,mybasket
251,aeon-hokkaido
251,aeon-touhoku
251,aeon-kyusyu
251,maxvalu-toukai
251,maxvalu-hokuriku
251,kohyo
251,maxvalu-kanto
251,the-big
251,aeon-liquor
251,aeon-bike
252,aeon
252,daiei
252,gourmet-city
252,peacock-store
252,mybasket
252,aeon-touhoku
252,maxvalu-toukai
252,maxvalu-hokuriku
252,kohyo
252,maxvalu-kanto
252,the-big
252,aeon-liquor
252,aeon-bike
253,aeon
253,daiei
253,gourmet-city
253,peacock-store
253,aeon-touhoku
253,maxvalu-toukai
253,maxvalu-hokuriku
253,kohyo
253,maxvalu-kanto
253,the-big
254,aeon
254,daiei
254,gourmet-city
254,peacock-store
254,aeon-touhoku
254,maxvalu-toukai
254,maxvalu-hokuriku
254,kohyo
254,maxvalu-kanto
254,the-big
260,ministop
260,aeon
260,daiei
260,gourmet-city
260,peacock-store
260,mybasket
260,aeon-hokkaido
260,aeon-touhoku
260,aeon-kyusyu
260,maxvalu-toukai
260,maxvalu-hokuriku
260,kohyo
260,maxvalu-kanto
260,the-big
260,acolle
260,aeon-liquor
260,aeon-bike
260,welcia
260,yamaya
260,kitchen_origin
260,miraiya-shoten
260,kasumi
260,maruestsu
260,sports-authority
260,aeoncinema
261,ministop
261,aeon
261,daiei
261,gourmet-city
261,peacock-store
261,mybasket
261,aeon-hokkaido
261,aeon-touhoku
261,aeon-kyusyu
261,maxvalu-toukai
261,maxvalu-hokuriku
261,kohyo
261,maxvalu-kanto
261,the-big
261,acolle
261,aeon-liquor
261,aeon-bike
261,welcia
261,yamaya
261,kitchen_origin
261,miraiya-shoten
261,kasumi
261,maruestsu
261,sports-authority
261,aeoncinema
262,ministop
262,aeon
262,daiei
262,gourmet-city
262,peacock-store
262,mybasket
262,aeon-hokkaido
262,aeon-touhoku
262,aeon-kyusyu
262,maxvalu-toukai
262,maxvalu-hokuriku
262,kohyo
262,maxvalu-kanto
262,the-big
262,acolle
262,aeon-liquor
262,aeon-bike
262,welcia
262,yamaya
262,kitchen_origin
262,miraiya-shoten
262,kasumi
262,maruestsu
262,sports-authority
262,aeoncinema
263,kitchen_origin
264,kitchen_origin
265,kitchen_origin
267,aeon
267,daiei
267,gourmet-city
267,peacock-store
267,aeon-touhoku
267,maxvalu-toukai
267,maxvalu-hokuriku
267,kohyo
267,maxvalu-kanto
267,the-big
268,aeon
268,daiei
268,gourmet-city
268,peacock-store
268,aeon-touhoku
268,maxvalu-toukai
268,maxvalu-hokuriku
268,kohyo
268,maxvalu-kanto
268,the-big
269,aeon
269,daiei
269,gourmet-city
269,peacock-store
269,aeon-touhoku
269,maxvalu-toukai
269,maxvalu-hokuriku
269,kohyo
269,maxvalu-kanto
269,the-big
270,aeon
270,daiei
270,gourmet-city
270,peacock-store
270,aeon-touhoku
270,maxvalu-toukai
270,maxvalu-hokuriku
270,kohyo
270,maxvalu-kanto
270,the-big
271,aeon
271,daiei
271,gourmet-city
271,peacock-store
271,aeon-touhoku
271,maxvalu-toukai
271,maxvalu-hokuriku
271,kohyo
271,maxvalu-kanto
271,the-big
272,aeon
272,daiei
272,gourmet-city
272,peacock-store
272,aeon-touhoku
272,maxvalu-toukai
272,maxvalu-hokuriku
272,kohyo
272,maxvalu-kanto
272,the-big
300,newdays
300,beckers
300,book-express
300,itoyokado
300,york-mart
300,york-foods
300,york-price
300,dennys
300,konaca
300,futata
301,kinokuniya-shoten
301,youhuku-no-aoyama
310,starbucks
311,tokyo-kutsu
312,kirindo
313,hokkahokka-tei
314,huruhon-ichiba
315,victoria-golf
316,macdonalds
318,akindo-sushiro
319,kamakura-pasuta
320,first-kichen
320,wendys-firstkitchen
321,uotami
321,sirokiya
321,sennen-no-utage
321,tuki-no-utage
321,niwatori-no-George
321,bungo-takada-dori-sakaba
321,meki-ki-no-ginzi
321,yamauti-douzyou
321,warawara
322,mac-house
323,haruyana
324,megane-no-aigan
326,edion
326,hyakuman-volt
328,daiso
330,tsuruha
331,joshin
332,drug-eleven
333,lawson
333,natural-lawson
334,lawson
334,natural-lawson
335,tsuruya-golf
336,kappa-sushi
340,seven-eleven
340,familymart
340,lawson
340,natural-lawson
340,lawsonstore-100
340,macdonalds
341,seven-eleven
341,familymart
341,lawson
341,natural-lawson
341,lawsonstore-100
341,macdonalds
342,seven-eleven
342,familymart
342,lawson
342,natural-lawson
342,lawsonstore-100
342,macdonalds
343,seven-eleven
343,familymart
343,lawson
343,natural-lawson
343,lawsonstore-100
343,macdonalds
344,seven-eleven
344,familymart
344,lawson
344,natural-lawson
344,lawsonstore-100
344,macdonalds
380,karaokekan
381,book-off
382,honeys
383,kojima
385,welcia
385,kirindo
385,kusurino-aoki
385,kokumin-drug
385,cocokarafine
385,sundrug
385,direx
385,zagzag
385,sugi
385,sugi-japan
385,sekiyakuhin
385,tsuruha
385,bd-drug
385,kusurino-fukutaro
385,kyorindo
385,wants
385,lady-drug
385,wellness
385,drug-eleven
385,tomods
385,seims
385,drug-yutaka
385,matsukiyo
385,drug-papasu
385,yakuodo
385,shinseido
385,v-drug
385,genky
385,ok-store
385,tokyu-store
387,avail
389,birthday
390,chambre
391,wonder-goo
393,kitchen_origin
394,daily-yamazaki
395,doutor
395,excelsior
396,nakau
397,hidakaya
398,ministop
400,daily-yamazaki
401,ministop
402,gindako
403,akindo-sushiro
407,zagzag
408,satsudora
415,yakuodo
418,takarazima
419,takarazima
421,yakuodo
422,yakuodo
423,yakuodo
424,joshin
425,tokyu-hands
426,godai-drug
427,biccamera
429,yoshinoya
431,familymart
431,tokyu-store
431,poplar
431,kurashi-house
431,three-eight
431,seikatsu-saika
431,tokyu-store
431,seiyu
431,osakaya-shop
431,cocokarafine
431,sundrug
431,sekiyakuhin
431,daikokudrug
431,tsuruha
431,bd-drug
431,kusurino-fukutaro
431,kyorindo
431,wants
431,lady-drug
431,wellness
431,drug-eleven
431,saint-marc-cafe
431,pronto
431,macdonalds
431,gusto
431,syabuyo
431,jonathan
431,bamiyan
431,yumean
431,aiya
431,cocos
431,jolly-pasta
431,hanayayohei
431,bigboy
431,royalhost
431,kobe-motomachi-doria
431,ootoya
431,kushiya-monogatari
431,maido-ookini
431,sukiya
431,yoshinoya
431,kurasushi
431,hamasushi
431,coco-ichibanya
431,ringerhut
431,kourakuen
431,takarazima
431,zyuuzyuu-karubi
431,kamakura-pasuta
431,misterdonut
431,fujiya
431,hokkahokka-tei
431,gindako
431,edion
431,hyakuman-volt
431,biccamera
431,kojima
431,sofmap
431,joshin
431,kohnan
431,right-on
431,konaca
431,futata
431,suit-select
431,maruzen
431,junkudo
431,maruzen-junkudo
431,daimaru
431,tsuruya-golf
431,alpen
431,sports-depo
431,golf-five
431,tokyu-hands
431,eneos
431,showa-shell
431,idemitsu
431,cosmo-sekiyu
431,kignus
432,seiyu
432,osakaya-shop
433,doutor
433,excelsior
435,ja-ss
436,totikizoku
438,welcia
438,sundrug
438,direx
438,sugi
438,sugi-japan
438,tsuruha
438,bd-drug
438,kusurino-fukutaro
438,kyorindo
438,wants
438,lady-drug
438,wellness
438,drug-eleven
438,cocokarafine
438,matsukiyo
438,drug-papasu
439,welcia
439,kirindo
439,kusurino-aoki
439,sundrug
439,sugi
439,sugi-japan
439,v-drug
440,welcia
440,kirindo
440,kusurino-aoki
440,cocokarafine
440,sundrug
440,direx
440,zagzag
440,sugi
440,sugi-japan
440,sekiyakuhin
440,tsuruha
440,bd-drug
440,kusurino-fukutaro
440,kyorindo
440,wants
440,lady-drug
440,wellness
440,drug-eleven
440,tomods
440,seims
440,drug-yutaka
440,matsukiyo
440,drug-papasu
440,yakuodo
440,shinseido
440,v-drug
440,genky
440,biccamera
441,welcia
441,ok-store
441,kusurino-aoki
441,zagzag
441,sundrug
441,sugi
441,tsuruha
441,bd-drug
441,kusurino-fukutaro
441,kyorindo
441,wants
441,lady-drug
441,wellness
441,drug-eleven
441,seims
441,matsukiyo
441,kusurino-fukutaro
441,cocokarafine
442,kirindo
444,akachanhompo
444,satsudora
446,yakuodo
447,cawachi
448,joyfulhonda
449,tsuruha
450,sekiyakuhin
452,cocos
452,jolly-pasta
452,hanayayohei
452,bigboy
452,hamasushi
452,takarazima
453,alpen
453,sports-depo
453,golf-five
454,totikizoku
454,poplar
454,seikatsu-saika
454,yakuodo
456,yamaya
457,maruzen
457,maruzen-junkudo
457,junkudo
458,youhuku-no-aoyama
458,suit-company
459,matsukiyo
459,drug-papasu
459,cocokarafine
460,matsukiyo
460,drug-papasu
460,cocokarafine
461,takashimaya
463,zoff
464,megane-ichiba
466,kohnan
468,autobacs
469,daimaru
471,zagzag
472,victoria-golf
474,tomods
475,familymart
476,familymart
477,direx
479,welcia
479,kirindo
479,kusurino-aoki
479,cocokarafine
479,sugi
479,sugi-japan
479,sekiyakuhin
479,tsuruha
479,bd-drug
479,kusurino-fukutaro
479,kyorindo
479,wants
479,lady-drug
479,wellness
479,drug-eleven
479,seims
479,drug-yutaka
479,matsukiyo
479,drug-papasu
479,yakuodo
479,genky
479,drug-sugiyama
479,fuji
481,cosmo-sekiyu
482,joyfulhonda
484,sundrug
485,yacs-drug
487,lawson
487,natural-lawson
487,lawsonstore-100
487,idemitsu
487,showa-shell
487,takashimaya
487,biccamera
487,kojima
487,sofmap
487,joshin
487,aoki
487,junkudo
487,maruzen-junkudo
487,maruzen
487,himaraya
487,life
487,tomods
487,hmv-and-books
489,yamada-denki
490,gindako
491,takashimaya
493,joshin
494,idemitsu
494,showa-shell
494,macdonalds
496,lotteria
497,takarazima
498,takarazima
501,sakana-ya-douzyou
502,jeans-mate
504,hananomai
505,huruhon-ichiba
506,mac-house
507,mr-max
509,familymart
510,familymart
511,familymart
512,familymart
514,autobacs
515,doutor
515,excelsior
516,jins
517,torimero
518,hidakaya
519,cainz
520,miraizaka
521,karaokeno-tetsujin
522,kitchen_origin
523,gyoza-ohsho
524,kohnan
525,daily-yamazaki
526,tokyu-store
527,doutor
527,excelsior
528,nakau
529,hidakaya
530,v-drug
531,hokkahokka-tei
532,maruestsu
533,ministop
534,mos
535,doutor
535,excelsior
536,kusurino-aoki
537,beisia
538,ok-store
539,kasumi
540,direx
541,belc
542,fuji
544,mos
546,poplar
546,seikatsu-saika
547,life
548,mos
549,gusto
549,syabuyo
549,jonathan
549,bamiyan
549,yumean
549,aiya
550,cosmo-sekiyu
552,daikokudrug
553,fujiya
554,fujiya
555,alpen
555,sports-depo
555,golf-five
556,edion
556,hyakuman-volt
557,kohnan
558,seiyu
559,seiyu
560,seiyu
561,seiyu
562,seiyu
563,seiyu
565,tullys
565,hokkahokka-tei
565,jins
565,seicomart
565,satsudora
565,zagzag
567,kourakuen
568,uotami
568,sirokiya
568,sennen-no-utage
568,tuki-no-utage
568,niwatori-no-George
568,bungo-takada-dori-sakaba
568,meki-ki-no-ginzi
568,yamauti-douzyou
568,warawara
570,tsuruha
571,matsuya
572,toysrus
572,babiesrus
573,honeys
574,victoria-golf
575,kirindo
576,ringerhut
577,tower-records
578,kappa-sushi
579,akachanhompo
580,maruzen
580,maruzen-junkudo
580,junkudo
581,tomods
582,zagzag
584,seven-eleven
584,lawson
584,natural-lawson
584,lawsonstore-100
585,seven-eleven
585,lawson
585,natural-lawson
585,lawsonstore-100
586,seven-eleven
586,lawson
586,natural-lawson
586,lawsonstore-100
587,seven-eleven
587,lawson
587,natural-lawson
587,lawsonstore-100
588,seven-eleven
588,lawson
588,natural-lawson
588,lawsonstore-100
589,seven-eleven
589,lawson
589,natural-lawson
589,lawsonstore-100
590,seven-eleven
590,lawson
590,natural-lawson
590,lawsonstore-100
591,seven-eleven
591,lawson
591,natural-lawson
591,lawsonstore-100
592,seven-eleven
592,lawson
592,natural-lawson
592,lawsonstore-100
593,seven-eleven
593,lawson
593,natural-lawson
593,lawsonstore-100
594,ikea
595,tokyu-hands
596,wellness
597,macdonalds
598,tokyu-hands
599,tokyu-hands